"id_buku","judul","thn_terbit","no_rak","id_pengarang","id_penerbit"
"B515","Puisi Indonesia Modern","2022","R31","001","P001"
"B516","Novel Klasik Dunia","2021","R31","002","P002"
"B517","Cerita Rakyat Nusantara","2023","R31","003","P003"
"B518","Antologi Cerpen Pilihan","2020","R31","004","P004"
"B519","Teori Sastra: Pendekatan Analisis","2019","R31","005","P005"
"B520","Sejarah Sastra Dunia","2018","R31","006","P006"
"B521","Drama Indonesia Kontemporer","2021","R31","007","P007"
"B005","Puisi Pilihan","2018","R28","002","P001"
"B024","Biologi Molekuler","2021","R23","403","P006"
"B522","Kumpulan Puisi Romantis","2022","R31","008","P008"
"B523","Folklore and Mythology Studies","2023","R31","009","P009"
"B002","Fisika Modern","2022","R23","003","P001"
"B003","Sejarah Dunia","2021","R29","002","P001"
"B004","Seni Rupa Kontemporer","2020","R28","001","P001"
"B026","Seni Lukis Abstrak","2022","R28","404","P006"
"B028","Fotografi Seni Kontemporer","2020","R28","404","P001"
"B015","Sejarah Ekonomi Indonesia","2019","R22","405","P001"
"B031","Mengenal Seni Rupa Indonesia","2023","R28","410","P002"
"B037","Kalkulus Lanjut","2021","R23","412","P002"
"B041","Fisika Modern","2023","R23","412","P002"
"B524","World Literature Classics","2020","R31","010","P010"
"B525","Cultural Perspectives in Fiction","2019","R31","011","P011"
"B526","Contemporary Asian Novels","2022","R31","012","P012"
"B045","Kimia Fisika","2019","R23","413","P002"
"B046","Astronomi Dasar","2018","R23","415","P002"
"B049","Fisika Kuantum","2021","R23","414","P002"
"B054","Matematika Keuangan","2022","R23","416","P002"
"B009","Sosiologi Modern","2022","R27","417","P003"
"B038","Biologi Sel","2020","R23","418","P003"
"B034","Seni Digital dan Teknologi","2021","R28","419","P003"
"B050","Kimia Organik Lanjut","2020","R23","420","P003"
"B059","Hak Asasi Manusia","2019","R27","421","P003"
"B010","Seni Hukum","2018","R27","422","P005"
"B012","Algoritma Pemrograman","2019","R23","433","P005"
"B013","Geografi Dunia","2021","R23","434","P005"
"B007","Manajemen Keuangan","2019","R22","005","P003"
"B014","Filsafat Ilmu","2020","R27","435","P005"
"B016","Pendidikan Bahasa Inggris","2022","R26","461","P005"
"B017","Keperawatan Jiwa","2018","R24","421","P005"
"B018","Kalkulus Dasar","2021","R23","350","P005"
"B019","Seni Teater","2019","R28","460","P001"
"B020","Psikologi Abnormal","2020","R24","399","P005"
"B027","Panduan Penciptaan Patung","2021","R28","170","P006"
"B030","Desain Interior Minimalis","2018","R28","201","P006"
"B032","Teknik Melukis Realistis","2022","R28","202","P006"
"B033","Karya Seni Video","2019","R28","203","P006"
"B035","Ekspresi Seni Tari","2020","R28","431","P006"
"B036","Dasar-Dasar Fisika","2022","R23","465","P006"
"B039","Kimia Organik","2019","R23","143","P006"
"B040","Matematika Diskrit","2018","R23","002","P007"
"B042","Geologi Dasar","2022","R23","112","P007"
"B043","Biokimia Molekuler","2021","R23","136","P007"
"B044","Matematika Statistik","2020","R23","451","P001"
"B048","Matematika Terapan","2022","R23","415","P007"
"B047","Biologi Evolusioner","2023","R23","425","P007"
"B051","Biologi Molekuler Lanjut","2019","R23","109","P007"
"B052","Statistika Penelitian","2018","R23","117","P007"
"B053","Geografi Perubahan Iklim","2023","R23","219","P007"
"B055","Fisika Partikel","2021","R23","347","P007"
"B056","Sosiologi Modern","2022","R27","346","P007"
"B057","Hukum Tata Negara","2021","R27","442","P008"
"B058","Psikologi Kepribadian","2020","R27","078","P008"
"B060","Ekonomi Pembangunan","2018","R27","061","P008"
"B061","Antropologi Budaya","2023","R27","008","P008"
"B062","Hukum Perdata","2022","R27","014","P008"
"B063","Politik Hukum","2021","R27","026","P008"
"B064","Sosiologi Hukum","2020","R27","024","P008"
"B065","Edukasi Hukum","2019","R27","021","P008"
"B066","Psikologi Sosial","2018","R27","038","P008"
"B067","Hukum Bisnis","2023","R27","039","P008"
"B068","Ilmu Politik","2022","R27","050","P009"
"B069","Sosiologi Ekonomi","2021","R27","066","P009"
"B070","Hukum Internasional","2020","R27","071","P009"
"B071","Psikologi Pendidikan","2019","R27","081","P009"
"B072","Politik Ekonomi","2018","R27","099","P009"
"B008","Anatomi Tubuh Manusia","2021","R24","408","P002"
"B021","Teknologi Informasi","2022","R21","401","P005"
"B025","Seni Lukis","2020","R28","402","P001"
"B022","Manajemen Sumber Daya Manusia","2018","R27","403","P005"
"B023","Hukum Internasional","2019","R27","403","P006"
"B029","Seni Grafis Modern","2019","R28","409","P002"
"B091","Pemulihan Cedera Olahraga","2019","R25","124","P004"
"B109","Bisnis Internasional","2021","R22","010","P011"
"B110","E-commerce","2020","R22","401","P011"
"B092","Pengukuran Prestasi Olahraga","2018","R25","156","P004"
"B111","Akuntansi Bisnis","2019","R22","407","P011"
"B093","Olahraga dan Kesehatan Mental","2023","R25","324","P004"
"B094","Teknik Dasar Bulu Tangkis","2022","R25","043","P010"
"B112","Manajemen Keberlanjutan","2018","R22","407","P011"
"B113","Strategi Bisnis","2023","R22","500","P011"
"B074","Sosiologi Agama","2022","R27","106","P009"
"B096","Manajemen Keuangan","2022","R22","325","P010"
"B097","Pemasaran Strategis","2021","R22","056","P010"
"B098","Ekonomi Global","2020","R22","241","P003"
"B099","Bisnis Digital","2019","R22","063","P003"
"B100","Manajemen Operasional","2018","R22","354","P004"
"B101","Strategi Pemasaran Online","2023","R22","013","P002"
"B104","Manajemen Sumber Daya Manusia","2020","R22","300","P011"
"B105","Inovasi Bisnis","2019","R22","402","P011"
"B106","Perencanaan Bisnis","2018","R22","400","P011"
"B107","Ekonomi Makro","2023","R22","005","P011"
"B108","Manajemen Strategis","2022","R22","007","P011"
"B114","Pajak Bisnis","2022","R22","302","P012"
"B115","Manajemen Proyek","2021","R22","199","P012"
"B116","Pendidikan Inklusif","2022","R26","249","P012"
"B117","Psikologi Pendidikan","2021","R26","200","P012"
"B118","Kurikulum dan Pembelajaran","2020","R26","200","P012"
"B119","Manajemen Pendidikan","2019","R26","100","P012"
"B120","Evaluasi Pendidikan","2018","R26","100","P012"
"B127","Pendidikan Anak Usia Dini","2023","R26","443","P013"
"B680","Analisis Pasar","2022","R22","235","P011"
"B691","Keuangan Bisnis","2021","R22","436","P011"
"B128","Metodologi Pembelajaran","2022","R26","444","P013"
"B129","Pendidikan Jasmani","2021","R26","445","P013"
"B130","Pendidikan Agama","2020","R26","446","P013"
"B131","Pendidikan Bahasa","2019","R26","447","P013"
"B132","Pendidikan Matematika","2018","R26","448","P013"
"B133","Pendidikan Seni","2023","R26","449","P013"
"B075","Kriminologi","2021","R27","152","P009"
"B076","Manajemen Olahraga","2022","R25","109","P009"
"B077","Fisiologi Latihan","2021","R25","128","P009"
"B078","Nutrisi untuk Atlet","2020","R25","130","P010"
"B079","Psikologi Keolahragaan","2019","R25","132","P010"
"B080","Teknik Dasar Berenang","2018","R25","140","P010"
"B081","Strategi Coaching","2023","R25","167","P010"
"B082","Sejarah Olahraga Modern","2022","R25","139","P010"
"B083","Kesehatan dan Kebugaran","2021","R25","327","P010"
"B084","Pengantar Fisioterapi","2020","R25","235","P010"
"B085","Ilmu Gizi untuk Atlet","2019","R25","474","P010"
"B086","Manajemen Event Olahraga","2018","R25","363","P010"
"B087","Analisis Gerak Olahraga","2023","R25","282","P010"
"B088","Etika dalam Keolahragaan","2022","R25","169","P010"
"B089","Pengembangan Keterampilan Bermain","2021","R25","432","P003"
"B090","Manajemen Kebugaran","2020","R25","243","P004"
"B121","Pengembangan Kurikulum","2023","R26","437","P012"
"B122","Teori Belajar","2022","R26","438","P012"
"B123","Bimbingan dan Konseling","2021","R26","439","P012"
"B124","Pendidikan Karakter","2020","R26","440","P013"
"B125","Teori Kepemimpinan Pendidikan","2019","R26","441","P013"
"B126","Teknologi dalam Pendidikan","2018","R26","442","P013"
"B134","Pendidikan Teknik Informatika","2022","R26","450","P014"
"B135","Pendidikan Vokasional","2021","R26","451","P014"
"B136","Pendidikan Lingkungan","2020","R26","452","P014"
"B137","Pendidikan Kesehatan","2019","R26","453","P014"
"B138","Pendidikan Informatika","2018","R26","455","P014"
"B139","Pendidikan Geografi","2023","R26","454","P014"
"B140","Pendidikan Sejarah","2022","R26","456","P014"
"B141","Manajemen Keuangan","2022","R22","457","P014"
"B142","Pemasaran Strategis","2021","R22","458","P014"
"B143","Ekonomi Makro","2020","R22","459","P014"
"B073","Hukum Lingkungan","2023","R27","100","P009"
"B144","Manajemen Sumber Daya Manusia","2019","R22","467","P015"
"B145","Analisis Bisnis","2018","R22","468","P022"
"B146","E-Bisnis","2023","R22","469","P022"
"B147","Kewirausahaan","2022","R22","470","P022"
"B148","Investasi","2021","R22","471","P022"
"B154","Bisnis Internasional","2021","R22","500","P022"
"B155","Pajak","2020","R22","499","P022"
"B158","Ekonomi Islam","2023","R22","496","P022"
"B159","Manajemen Keuangan Internasional","2022","R22","495","P022"
"B160","Pasar Modal","2021","R22","494","P023"
"B161","Manajemen Risiko","2020","R22","494","P023"
"B162","Strategi Bisnis","2019","R22","493","P023"
"B163","Ekonomi Kreatif","2018","R22","492","P023"
"B164","Manajemen Proyek","2023","R22","492","P023"
"B189","Ilmu Material","2023","R21","491","P023"
"B188","Energi Terbarukan","2018","R21","490","P023"
"B187","Sistem Kontrol","2019","R21","489","P023"
"B195","Hukum Internasional","2021","R27","488","P023"
"B196","Psikologi Umum","2020","R27","487","P023"
"B197","Ilmu Politik","2019","R27","486","P023"
"B165","Bisnis Plan","2022","R22","485","P024"
"B166","Teknologi Informasi","2022","R21","484","P024"
"B167","Rekayasa Perangkat Lunak","2021","R21","483","P024"
"B168","Teknik Elektro","2020","R21","482","P024"
"B170","Mekanika Fluida","2018","R21","481","P024"
"B171","Kendali Otomatis","2023","R21","470","P024"
"B172","Sistem Komputer","2022","R21","479","P024"
"B173","Teknik Mesin","2021","R21","478","P024"
"B175","Instrumentasi Elektronik","2019","R21","477","P024"
"B176","Jaringan Komputer","2018","R21","476","P024"
"B178","Telekomunikasi","2022","R21","474","P025"
"B179","Pemodelan Simulasi","2021","R21","475","P025"
"B180","Manajemen Proyek Teknik","2020","R21","473","P025"
"B181","Robotika","2019","R21","472","P025"
"B182","Teknik Kimia","2018","R21","471","P025"
"B183","Pemrograman Terstruktur","2023","R21","142","P025"
"B184","Optimasi Sistem","2022","R21","472","P025"
"B185","Pengolahan Citra","2021","R21","016","P025"
"B186","Teknik Pengelasan","2020","R21","015","P025"
"B190","Teknik Lingkungan","2022","R21","089","P026"
"B191","Metode Numerik","2021","R21","047","P026"
"B192","Teknik Pengukuran","2020","R21","023","P026"
"B193","Mikrokontroler","2019","R21","459","P026"
"B194","Sosiologi","2022","R27","477","P026"
"B198","Ekonomi Pembangunan","2018","R27","421","P026"
"B209","Hubungan Internasional","2019","R27","365","P027"
"B199","Hukum Acara Perdata","2023","R27","359","P026"
"B200","Antropologi","2022","R27","222","P026"
"B201","Kriminologi","2021","R27","111","P026"
"B202","Sosiologi Hukum","2020","R27","333","P026"
"B203","Etika Profesi Hukum","2019","R27","444","P027"
"B204","Kajian Gender","2018","R27","369","P027"
"B205","Hak Asasi Manusia","2023","R27","258","P027"
"B206","Teori Hukum","2022","R27","147","P027"
"B207","Pendidikan Hukum","2021","R27","465","P027"
"B208","Kesejahteraan Sosial","2020","R27","128","P027"
"B210","Teori Sosial","2018","R27","499","P027"
"B211","Pengantar Hukum","2023","R27","001","P027"
"B212","Sosiologi Politik","2022","R27","003","P027"
"B213","Hukum Bisnis","2021","R27","030","P027"
"B214","Pemikiran Hukum","2020","R27","008","P028"
"B215","Pendidikan Sosiologi","2019","R27","156","P028"
"B216","Politik Hukum","2018","R27","188","P028"
"B217","Sosiologi Ekonomi","2023","R27","177","P028"
"B218","Hukum Keluarga","2022","R27","132","P028"
"B219","Psikologi Sosial","2021","R27","321","P028"
"B220","Ilmu Hukum","2020","R27","432","P028"
"B221","Seni Lukis","2022","R28","213","P028"
"B222","Seni Patung","2021","R28","024","P028"
"B223","Seni Grafis","2020","R28","092","P028"
"B224","Seni Digital","2019","R28","087","P029"
"B225","Seni Fotografi","2018","R28","099","P029"
"B226","Seni Teater","2023","R28","065","P029"
"B227","Seni Musik","2022","R28","010","P029"
"B228","Seni Tari","2021","R28","005","P029"
"B229","Seni Kriya","2020","R28","003","P029"
"B150","Perbankan","2019","R22","460","P004"
"B151","Manajemen Strategis","2018","R22","461","P004"
"B152","Teori Ekonomi","2023","R22","462","P004"
"B153","Ekonometrika","2022","R22","463","P004"
"B169","Teknik Sipil","2019","R21","464","P004"
"B174","Manufaktur","2020","R21","465","P004"
"B177","Arsitektur Komputer","2023","R21","466","P004"
"B156","Manajemen Operasional","2019","R22","498","P022"
"B157","Analisis Investasi","2018","R22","497","P022"
"B315","Seni Etika Bisnis","2020","R28","004","P019"
"B239","Seni Digital Art","2022","R28","432","P020"
"B240","Seni Street Art","2021","R28","478","P020"
"B262","Seni Akrilik","2021","R28","468","P020"
"B263","Seni Cat Air","2020","R28","452","P020"
"B264","Seni Printmaking","2019","R28","410","P020"
"B305","Seni Manajemen Waktu","2018","R28","371","P021"
"B306","Seni Penulisan Kreatif","2023","R28","260","P021"
"B307","Seni Negosiasi Cerdas","2022","R28","400","P021"
"B308","Seni Public Speaking","2021","R28","321","P021"
"B241","Seni Body Painting","2020","R28","052","P030"
"B231","Seni Keramik","2018","R28","157","P029"
"B232","Seni Rupa","2023","R28","007","P029"
"B233","Seni Kaligrafi","2022","R28","070","P029"
"B234","Seni Mural","2021","R28","061","P030"
"B242","Seni Nail Art","2019","R28","057","P030"
"B243","Seni Fashion Design","2018","R28","055","P030"
"B244","Seni Interior Design","2023","R28","145","P030"
"B245","Seni Landscape Design","2022","R28","036","P030"
"B246","Seni Tattoo Design","2021","R28","037","P030"
"B247","Seni Street Photography","2020","R28","040","P030"
"B248","Seni Vexel Art","2019","R28","050","P030"
"B249","Seni Kinetic Art","2018","R28","012","P030"
"B253","Seni Augmented Reality Art","2020","R28","076","P031"
"B250","Seni Light Painting","2023","R28","120","P031"
"B251","Seni Video Art","2022","R28","180","P031"
"B252","Seni Interactive Art","2021","R28","079","P031"
"B254","Seni Virtual Reality Art","2019","R28","068","P031"
"B255","Seni 3D Printing Art","2018","R28","064","P031"
"B256","Seni Glass Art","2023","R28","235","P031"
"B257","Seni Wood Carving","2022","R28","061","P031"
"B258","Seni Metal Sculpture","2021","R28","098","P031"
"B259","Seni Land Art","2020","R28","010","P031"
"B260","Seni Ice Sculpture","2019","R28","040","P031"
"B261","Seni Digital Painting","2022","R28","050","P032"
"B265","Seni Serat","2018","R28","060","P032"
"B266","Seni Kinetik","2023","R28","070","P032"
"B267","Seni Video Mapping","2022","R28","080","P032"
"B268","Seni Digital Sculpture","2021","R28","100","P032"
"B269","Seni Interactive Installation","2020","R28","200","P032"
"B270","Seni Projection Mapping","2019","R28","032","P032"
"B271","Seni VJing","2018","R28","300","P032"
"B272","Seni Wearable Technology","2023","R28","400","P032"
"B273","Seni Data Visualization","2022","R28","500","P032"
"B277","Seni Holography","2018","R28","054","P033"
"B274","Seni Generative Art","2021","R28","051","P032"
"B275","Seni BioArt","2020","R28","053","P033"
"B276","Seni Augmented Reality Sculpture","2019","R28","088","P033"
"B278","Seni Projection Holography","2023","R28","134","P033"
"B279","Seni Mixed Media","2022","R28","444","P033"
"B280","Seni Digital Collage","2021","R28","417","P033"
"B303","Seni Kepemimpinan Inspiratif","2020","R28","379","P034"
"B304","Seni Komunikasi Efektif","2019","R28","281","P034"
"B311","Seni Problem Solving","2018","R28","396","P034"
"B313","Seni Kreativitas","2022","R28","187","P035"
"B312","Seni Keuangan Pribadi","2023","R28","162","P035"
"B314","Seni Pengembangan Diri","2021","R28","150","P035"
"B316","Seni Komunikasi Bisnis","2019","R28","325","P035"
"B317","Seni Pemasaran Kreatif","2018","R28","477","P035"
"B318","Seni Presentasi Bisnis","2023","R28","455","P035"
"B328","Pendidikan Karakter","2021","R26","254","P035"
"B327","Kurikulum dan Pembelajaran","2022","R26","365","P035"
"B326","Evaluasi Pembelajaran","2023","R26","221","P035"
"B330","Pendidikan Kewarganegaraan","2019","R26","231","P035"
"B331","Metode Pembelajaran","2018","R26","411","P035"
"B319","Seni Kewirausahaan","2022","R28","070","P050"
"B320","Seni Strategi Bisnis","2021","R28","071","P050"
"B321","Pendidikan Anak Usia Dini","2022","R26","077","P050"
"B322","Strategi Pembelajaran Inovatif","2021","R26","088","P050"
"B323","Psikologi Pendidikan","2020","R26","084","P050"
"B325","Manajemen Pendidikan","2018","R26","095","P050"
"B329","Pendidikan Inklusif","2020","R26","094","P050"
"B301","Seni Ceramah Motivasi","2022","R28","004","P034"
"B302","Seni Bisnis Sukses","2021","R28","005","P021"
"B324","Teknologi Pendidikan","2019","R26","003","P019"
"B309","Seni Presentasi Memukau","2020","R28","111","P019"
"B230","Seni Batik","2019","R28","145","P029"
"B310","Seni Mind Mapping","2019","R28","114","P034"
"B235","Seni Mozaik","2020","R28","112","P020"
"B236","Seni Origami","2019","R28","123","P020"
"B237","Seni Scrapbook","2018","R28","122","P020"
"B238","Seni Paper Quilling","2023","R28","345","P020"
"B402","Sejarah Arsitektur","2019","R29","063","P018"
"B401","Sejarah Pendidikan Indonesia","2020","R29","041","P018"
"B400","Sejarah Astronomi","2021","R29","020","P018"
"B399","Sejarah Hukum Internasional","2022","R29","214","P018"
"B335","Pendidikan Bahasa Inggris","2020","R26","007","P050"
"B336","Pendidikan Matematika","2019","R26","005","P050"
"B338","Pendidikan Teknik Informatika","2023","R26","003","P049"
"B337","Pendidikan Seni Budaya","2018","R26","002","P049"
"B339","Pendidikan Ekonomi","2022","R26","061","P049"
"B340","Pendidikan Fisika","2021","R26","092","P049"
"B341","Pendidikan Biologi","2020","R26","063","P049"
"B342","Pendidikan Geografi","2019","R26","258","P049"
"B343","Pendidikan Sejarah","2018","R26","444","P048"
"B344","Pendidikan Pancasila","2023","R26","102","P048"
"B345","Pendidikan Jasmani, Olahraga, dan Kesehatan","2022","R26","106","P048"
"B346","Pendidikan Profesi Guru","2021","R26","108","P048"
"B350","Pendidikan Vokasi","2023","R26","116","P048"
"B349","Pendidikan Luar Biasa","2018","R26","118","P048"
"B348","Pendidikan Anak Usia Sekolah","2019","R26","354","P048"
"B347","Pendidikan Guru Sekolah Dasar","2020","R26","165","P048"
"B431","Sejarah Kesusastraan Indonesia","2021","R29","020","P018"
"B383","Sejarah Dunia Kontemporer","2020","R29","270","P046"
"B384","Sejarah Kebudayaan Islam","2019","R29","011","P046"
"B385","Sejarah Peradaban China","2018","R29","035","P046"
"B386","Sejarah Perang Dunia I","2023","R29","057","P046"
"B387","Sejarah Perang Dunia II","2022","R29","052","P046"
"B388","Sejarah Revolusi Industri","2021","R29","037","P046"
"B389","Sejarah Filsafat Barat","2020","R29","435","P046"
"B390","Sejarah Seni Rupa","2019","R29","156","P046"
"B391","Sejarah Kesenian Bali","2018","R29","482","P046"
"B392","Sejarah Musik Dunia","2023","R29","407","P037"
"B393","Sejarah Pemikiran Ekonomi","2022","R29","409","P037"
"B394","Sejarah Politik Internasional","2021","R29","401","P037"
"B395","Sejarah Teknologi Informasi","2020","R29","354","P037"
"B396","Sejarah Kedokteran","2019","R29","247","P037"
"B397","Sejarah Ilmu Pengetahuan","2018","R29","089","P037"
"B398","Sejarah Sastra Indonesia","2023","R29","075","P037"
"B406","Sejarah Budaya Jawa","2021","R29","001","P037"
"B424","Sejarah Dinasti Tang","2022","R29","051","P037"
"B423","Sejarah Suku Maya","2023","R29","077","P045"
"B422","Sejarah Revolusi Industri","2018","R29","044","P045"
"B421","Sejarah Perang Dunia I","2019","R29","012","P045"
"B420","Sejarah Kerajaan Majapahit","2020","R29","412","P045"
"B419","Sejarah Perang Salib","2021","R29","387","P045"
"B407","Sejarah Politik Indonesia","2020","R29","024","P045"
"B408","Sejarah Agama Hindu","2019","R29","025","P045"
"B409","Sejarah Perkembangan Komputer","2018","R29","345","P045"
"B410","Sejarah Perdagangan Internasional","2023","R29","365","P045"
"B411","Sejarah Linguistik","2022","R29","310","P045"
"B412","Sejarah Sosiologi","2021","R29","322","P038"
"B413","Sejarah Arkeologi","2020","R29","339","P038"
"B414","Sejarah Pertanian","2019","R29","302","P038"
"B415","Sejarah Desain Grafis","2018","R29","408","P038"
"B416","Sejarah Psikologi","2023","R29","047","P038"
"B417","Sejarah Peradaban Mesopotamia","2023","R29","314","P038"
"B418","Sejarah Kekaisaran Romawi","2022","R29","490","P038"
"B382","Sejarah Asia Tenggara","2021","R29","250","P046"
"B427","Sejarah Dinasti Joseon","2019","R29","038","P038"
"B428","Sejarah Perang Dingin","2018","R29","075","P038"
"B429","Sejarah Perkembangan Fisika","2023","R29","069","P038"
"B430","Sejarah Arsitektur Kuno","2022","R29","050","P044"
"B432","Sejarah Kesultanan Melayu","2020","R29","100","P044"
"B433","Sejarah Pendidikan Islam","2019","R29","010","P044"
"B434","Sejarah Perkembangan Seni Rupa","2018","R29","012","P044"
"B435","Sejarah Keperawatan","2023","R29","020","P044"
"B436","Sejarah Permainan Tradisional","2022","R29","030","P044"
"B437","Sejarah Ilmu Pengetahuan","2021","R29","064","P044"
"B438","Sejarah Kesenian Bali","2020","R29","061","P044"
"B439","Sejarah Konsep Matematika","2019","R29","001","P044"
"B440","Sejarah Pemikiran Ekonomi","2018","R29","027","P039"
"B441","Sejarah Kebudayaan Cina","2023","R29","026","P039"
"B442","Sejarah Perkembangan Bahasa Indonesia","2022","R29","103","P039"
"B426","Sejarah Teori Evolusi","2020","R29","014","P018"
"B404","Sejarah Perbankan","2023","R29","061","P018"
"B403","Sejarah Geologi","2018","R29","062","P018"
"B405","Sejarah Transportasi","2022","R29","012","P037"
"B333","Pendidikan Anak Berkebutuhan Khusus","2022","R26","011","P019"
"B334","Pendidikan Agama Islam","2021","R26","008","P050"
"B527","Poetry of the Renaissance","2018","R31","013","P013"
"B528","Comparative Literature Studies","2021","R31","014","P014"
"B529","Postcolonial Literary Criticism","2020","R31","015","P015"
"B530","Modernist Fiction: Themes and Techniques","2019","R31","016","P016"
"B531","Literature and Film Adaptation","2022","R31","017","P017"
"B532","Science Fiction Masterpieces","2021","R31","018","P018"
"B533","Global Perspectives in Poetry","2018","R31","019","P019"
"B534","Short Stories from Around the World","2023","R31","020","P020"
"B535","The Great Gatsby","2022","R31","021","P021"
"B536","One Hundred Years of Solitude","2021","R31","022","P022"
"B537","To Kill a Mockingbird","2023","R31","023","P023"
"B538","1984","2020","R31","024","P024"
"B513","Psikologi Spiritualitas","2023","R30","177","P015"
"B512","Ajaran-ajaran dalam Agama Konghucu","2018","R30","178","P015"
"B511","Kritik Terhadap Agama","2019","R30","179","P015"
"B510","Pemikiran Keagamaan dalam Filsafat","2020","R30","176","P015"
"B509","Aliran-aliran dalam Kristen","2021","R30","175","P015"
"B508","Bhagavad Gita: Kitab Suci Hindu","2022","R30","174","P015"
"B507","Taoisme: Filsafat dan Kebijaksanaan","2023","R30","173","P015"
"B505","Kabbalah: Misteri Agama Yahudi","2019","R30","171","P015"
"B504","Teologi Islam: Konsep dan Diskusi","2020","R30","170","P016"
"B503","Kristologi: Pemahaman Terhadap Kristus","2021","R30","169","P016"
"B502","Agama Buddha: Filosofi dan Praktik","2022","R30","168","P016"
"B501","Agama Hindu: Sejarah dan Ajaran","2023","R30","167","P016"
"B500","Peran Agama dalam Pembangunan","2021","R30","166","P016"
"B499","Sikap Toleransi antar Umat Beragama","2020","R30","165","P016"
"B498","Etika dalam Perspektif Keagamaan","2019","R30","164","P016"
"B497","Misticisme dalam Agama-agama Dunia","2018","R30","015","P016"
"B496","Hak Asasi Manusia dalam Pandangan Agama","2023","R30","163","P016"
"B492","Agama dan Etika Bisnis","2019","R30","160","P041"
"B488","Religiositas Generasi Milenial","2021","R30","157","P042"
"B483","Dasar-dasar Agama Buddha","2018","R30","152","P042"
"B482","Etika dalam Agama Kristen","2019","R30","152","P017"
"B481","Hinduisme: Ajaran dan Ritual","2020","R30","151","P017"
"B480","Islam dan Pluralisme Agama","2021","R30","150","P017"
"B479","Agama Konghucu: Kepercayaan dan Amalan","2022","R30","148","P017"
"B478","Teologi Kristen: Sejarah dan Ajaran","2023","R30","148","P017"
"B477","Budaya Spiritual dalam Islam","2018","R30","147","P017"
"B381","Mekanika: Dasar-dasar Fisika","2023","R23","123","P036"
"B443","Sejarah Ilmu Komputer","2021","R29","188","P039"
"B444","Sejarah Seni Musik","2020","R29","209","P039"
"B445","Sejarah Lingkungan Hidup","2019","R29","305","P039"
"B446","Sejarah Perkembangan Teknologi Informasi","2018","R29","208","P039"
"B447","Sejarah Kesehatan Reproduksi","2023","R29","112","P039"
"B448","Sejarah Astronomi","2022","R29","113","P039"
"B449","Sejarah Pendidikan Anak Usia Dini","2021","R29","114","P039"
"B450","Sejarah Etnisitas di Indonesia","2020","R29","115","P039"
"B451","Sejarah Perkembangan Psikologi","2019","R29","116","P043"
"B452","Sejarah Politik Indonesia","2018","R29","117","P043"
"B453","Sejarah Hak Asasi Manusia","2023","R29","118","P043"
"B454","Sejarah Perkembangan Filosofi","2022","R29","119","P043"
"B455","Sejarah Kesehatan Mental","2021","R29","120","P043"
"B456","Sejarah Sistem Operasi Komputer","2020","R29","121","P043"
"B457","Kalkulus: Teori dan Aplikasi","2022","R23","122","P043"
"B458","Statistika Terapan","2019","R23","123","P043"
"B459","Geometri Lanjut","2018","R23","124","P043"
"B460","Aljabar Linear","2021","R23","125","P043"
"B461","Biologi: Konsep dasar dan Aplikasi","2020","R23","126","P043"
"B462","Kimia Dasar","2019","R23","127","P040"
"B463","Fisika untuk Pemula","2022","R23","128","P040"
"B464","Matematika Dasar","2021","R23","129","P040"
"B465","Hak Asasi Manusia dalam Perspektif Agama","2019","R30","130","P040"
"B466","Teologi Pembebasan dalam Kekristenan","2020","R30","131","P040"
"B467","Fenomena Keagamaan dalam Masyarakat","2021","R30","132","P040"
"B468","Pentingnya Dialog Antar Umat Beragama","2022","R30","133","P040"
"B469","Islam dan Pemberdayaan Perempuan","2023","R30","135","P040"
"B470","Mistisisme dalam Agama-agama Dunia","2018","R30","134","P040"
"B471","Ajaran-ajaran Agama Sikh","2019","R30","136","P040"
"B472","Kristologi: Pemahaman Terhadap Kristus","2023","R30","137","P042"
"B473","Pentingnya Studi Agama dalam Pendidikan","2022","R30","385","P042"
"B475","Filsafat Agama: Konsep Dasar","2020","R30","152","P042"
"B474","Interaksi Agama dan Kebudayaan","2021","R30","139","P042"
"B476","Kritik terhadap Dogma Agama","2019","R30","145","P017"
"B484","Pendidikan Agama Islam","2017","R30","153","P042"
"B485","Refleksi Keberagamaan dalam Seni","2018","R30","154","P042"
"B486","Tokoh-tokoh Spiritual Dunia","2019","R30","155","P042"
"B487","Pentingnya Pendidikan Keagamaan","2020","R30","156","P017"
"B489","Perbandingan Ajaran Agama Dunia","2022","R30","158","P042"
"B490","Islam Nusantara: Sejarah dan Kebudayaan","2023","R30","159","P042"
"B491","Interaksi Agama dan Budaya","2018","R30","460","P017"
"B493","Makna Ritual Keagamaan","2020","R30","161","P041"
"B494","Pentingnya Dialog antar Umat Beragama","2021","R30","016","P041"
"B495","Teologi Pembebasan: Konsep dan Realitas","2022","R30","162","P017"
"B380","Ekologi: Sistem Kehidupan","2018","R23","321","P036"
"B539","Pride and Prejudice","2019","R31","025","P025"
"B540","The Catcher in the Rye","2018","R31","026","P026"
"B541","Brave New World","2021","R31","027","P027"
"B542","The Odyssey","2022","R31","028","P028"
"B543","The Lord of the Rings","2023","R31","029","P029"
"B544","Crime and Punishment","2020","R31","030","P030"
"B545","Hamlet","2019","R31","031","P031"
"B546","The Brothers Karamazov","2022","R31","032","P032"
"B547","Moby-Dick","2018","R31","033","P033"
"B548","Jane Eyre","2021","R31","034","P034"
"B549","The Great Expectations","2020","R31","035","P035"
"B550","War and Peace","2019","R31","036","P036"
"B551","Les Mis√©rables","2022","R31","037","P037"
"B552","Anna Karenina","2018","R31","038","P038"
"B553","The Canterbury Tales","2021","R31","039","P039"
"B554","Wuthering Heights","2023","R31","040","P040"
"B555","Classic Indonesian Poetry","2023","R31","041","P041"
"B556","Literary Criticism: An Introduction","2020","R31","042","P042"
"B557","Anthology of World Short Stories","2021","R31","043","P043"
"B558","Masterpieces of Modern Drama","2019","R31","044","P044"
"B559","Comparative Literature: Theories and Approaches","2022","R31","045","P045"
"B560","The Art of Fiction","2018","R31","046","P046"
"B561","Famous Essays in World Literature","2021","R31","047","P047"
"B562","Contemporary African Literature","2022","R31","048","P048"
"B563","Asian Literary Landscapes","2019","R31","049","P049"
"B564","The Power of Myth","2020","R31","050","P050"
"B565","Literary Theory and Criticism: A History","2023","R31","051","P001"
"B566","Shakespearean Tragedies","2021","R31","052","P002"
"B567","World Poetry Anthology","2018","R31","053","P003"
"B568","The Modernist Novel","2022","R31","054","P004"
"B569","African Folktales and Legends","2023","R31","055","P005"
"B570","Russian Literature Classics","2020","R31","056","P006"
"B571","East Asian Short Stories","2019","R31","057","P007"
"B572","Latin American Literary Masterpieces","2022","R31","058","P008"
"B573","The Art of Translation","2018","R31","059","P009"
"B574","Medieval Literature Studies","2021","R31","060","P010"
"B575","Postcolonial Literature Perspectives","2020","R31","061","P011"
"B576","Caribbean Poetry and Prose","2019","R31","062","P012"
"B577","South Asian Fiction Classics","2022","R31","063","P013"
"B578","Australian Aboriginal Dreamtime Stories","2018","R31","064","P014"
"B281","Teknik Astronomi: Pemahaman Benda Langit","2023","R21","001","P033"
"B358","Teknik Mesin: Prinsip dan Aplikasi","2021","R21","420","P019"
"B359","Teknik Sipil: Dasar-dasar Konstruksi","2022","R21","430","P019"
"B360","Teknologi Pangan: Prinsip dan Aplikasi","2023","R23","440","P048"
"B297","Teknik Biomedis: Inovasi Teknologi Kesehatan","2022","R21","154","P021"
"B298","Teknik Nuklir: Aplikasi Energi Nuklir","2019","R21","168","P021"
"B299","Teknik Astronotika: Pengembangan Pesawat Antariksa","2021","R21","180","P021"
"B300","Teknik Metalurgi: Proses Peleburan Logam","2020","R21","152","P034"
"B287","Teknik Kelistrikan: Sistem Tenaga Listrik","2021","R21","005","P021"
"B288","Teknik Energi: Konversi dan Manajemen Energi","2020","R21","006","P021"
"B289","Teknik Robotika: Desain dan Kontrol Robot","2019","R21","006","P019"
"B290","Teknik Material: Pengembangan Bahan Konstruksi","2018","R21","407","P034"
"B283","Teknik Transportasi: Perencanaan Infrastruktur Jalan","2021","R21","002","P033"
"B284","Teknik Hidrologi: Analisis Air Tanah","2020","R21","003","P033"
"B286","Teknik Sistem Kontrol: Teori dan Aplikasi","2022","R21","005","P021"
"B291","Teknik Elektromedik: Perangkat Kesehatan Elektronik","2023","R21","123","P034"
"B292","Teknik Penerbangan: Dinamika Pesawat Udara","2022","R21","123","P034"
"B293","Teknik Planologi: Perencanaan Wilayah Kota","2021","R21","321","P034"
"B294","Teknik Pertambangan: Penambangan Mineral","2020","R21","321","P034"
"B295","Teknik Elektronika: Perancangan Sistem Kontrol","2019","R21","321","P034"
"B296","Teknik Telekomunikasi: Jaringan Komunikasi Digital","2018","R21","154","P021"
"B351","Teknik Perkapalan: Desain Kapal Laut","2023","R21","350","P049"
"B353","Teknik Industri: Manajemen Produksi","2019","R21","370","P049"
"B354","Teknik Lingkungan: Pengelolaan Limbah","2018","R21","380","P049"
"B355","Teknik Informatika: Pemrograman Lanjut","2021","R21","390","P049"
"B356","Teknik Kimia: Proses Manufaktur","2020","R21","400","P019"
"B361","Matematika Keuangan","2022","R23","450","P048"
"B362","Teori Graf: Konsep dan Implementasi","2021","R23","460","P047"
"B363","Biologi Evolusioner","2020","R23","470","P047"
"B364","Kimia Fisika: Kajian Molekuler","2019","R23","480","P047"
"B367","Pengantar Ilmu Astronomi","2020","R23","021","P047"
"B368","Teori Informasi dan Pengkodean","2019","R23","221","P047"
"B369","Dasar-dasar Biologi Sel","2018","R23","321","P047"
"B001","Teknik Perminyakan: Pengeboran Sumur","2018","R21","001","P002"
"B370","Sistem Informasi Geografis","2023","R23","422","P047"
"B371","Matematika Diskrit","2022","R23","483","P047"
"B372","Pemrosesan Citra Digital","2021","R23","101","P036"
"B373","Algoritma dan Pemrograman","2020","R23","123","P036"
"B374","Biokimia: Proses dan Metabolisme","2019","R23","125","P036"
"B376","Mikrobiologi: Organisme Mikroskopis","2022","R23","357","P036"
"B377","Genetika: Dasar-dasar Pewarisan","2019","R23","053","P036"
"B378","Struktur Atom dan Sifat Periodik","2021","R23","429","P036"
"B379","Sistem Pencernaan Manusia","2020","R23","024","P036"
"B366","Dasar-dasar Logika Matematika","2021","R23","400","P047"
"B579","Critical Approaches to World Literature","2021","R31","065","P015"
"B580","Literature of the Harlem Renaissance","2022","R31","066","P016"
"B581","Postmodern Fiction: Theories and Texts","2019","R31","067","P017"
"B582","African American Literature: Historical Perspectives","2020","R31","068","P018"
"B583","Asian-American Literary Voices","2023","R31","069","P019"
"B584","Feminist Literary Criticism","2018","R31","070","P020"
"B585","The Road","2022","R31","071","P021"
"B586","The Alchemist","2021","R31","072","P022"
"B587","The Kite Runner","2023","R31","073","P023"
"B588","The Handmaids Tale","2020","R31","074","P024"
"B589","The Hitchhikers Guide to the Galaxy","2019","R31","075","P025"
"B590","The Girl with the Dragon Tattoo","2018","R31","076","P026"
"B591","The Shining","2021","R31","077","P027"
"B592","The Silence of the Lambs","2022","R31","078","P028"
"B593","The Hunger Games","2023","R31","079","P029"
"B594","The Color Purple","2020","R31","080","P030"
"B595","The Da Vinci Code","2019","R31","081","P031"
"B596","The Three Musketeers","2022","R31","082","P032"
"B597","The Picture of Dorian Gray","2018","R31","083","P033"
"B598","The Grapes of Wrath","2021","R31","084","P034"
"B599","The Sound and the Fury","2020","R31","085","P035"
"B600","The Jungle Book","2019","R31","086","P036"
"B601","The Wind in the Willows","2022","R31","087","P037"
"B602","The Old Man and the Sea","2018","R31","038","P038"
"B603","The Arabian Nights","2021","R31","089","P039"
"B604","The Canterbury Tales","2023","R31","090","P040"
"B605","The Scarlet Letter","2020","R31","091","P041"
"B606","The War of the Worlds","2019","R31","092","P042"
"B607","The Odyssey","2022","R31","093","P043"
"B608","The Hound of the Baskervilles","2018","R31","094","P044"
"B609","The Metamorphosis","2021","R31","095","P045"
"B610","The Great Gatsby","2023","R32","096","P001"
"B611","To Kill a Mockingbird","2020","R32","097","P002"
"B612","1984","2021","R32","098","P003"
"B613","Brave New World","2019","R32","099","P004"
"B614","The Catcher in the Rye","2022","R32","100","P005"
"B615","Animal Farm","2018","R32","101","P006"
"B616","Lord of the Flies","2021","R32","102","P007"
"B617","One Hundred Years of Solitude","2022","R32","103","P008"
"B618","Crime and Punishment","2019","R32","104","P009"
"B619","The Brothers Karamazov","2020","R32","105","P010"
"B620","Pride and Prejudice","2023","R32","106","P011"
"B621","Jane Eyre","2021","R32","107","P012"
"B622","Wuthering Heights","2018","R32","108","P013"
"B623","Emma","2022","R32","109","P014"
"B624","Moby-Dick","2019","R32","110","P015"
"B625","The Adventures of Sherlock Holmes","2020","R32","111","P016"
"B626","Dracula","2023","R32","112","P017"
"B627","Frankenstein","2018","R32","113","P018"
"B628","The Picture of Dorian Gray","2021","R32","114","P019"
"B629","The Time Machine","2019","R32","115","P020"
"B630","The War of the Worlds","2022","R32","116","P021"
"B631","Alice's Adventures in Wonderland","2023","R32","117","P022"
"B632","Through the Looking-Glass","2018","R32","118","P023"
"B633","The Wonderful Wizard of Oz","2020","R32","119","P024"
"B634","Little Women","2021","R32","120","P025"
"B635","The Hobbit","2022","R32","121","P026"
"B636","The Lord of the Rings","2019","R32","122","P027"
"B637","The Chronicles of Narnia","2018","R32","123","P028"
"B638","The Hunger Games","2021","R32","124","P029"
"B639","Divergent","2020","R32","125","P030"
"B640","The Maze Runner","2019","R32","126","P031"
"B641","The Fault in Our Stars","2022","R32","127","P032"
"B642","Harry Potter and the Sorcerer's Stone","2018","R32","128","P033"
"B643","Twilight","2023","R32","129","P034"
"B644","The Girl on the Train","2021","R32","130","P035"
"B645","Gone Girl","2020","R32","131","P036"
"B646","The Da Vinci Code","2019","R32","132","P037"
"B647","Angels and Demons","2022","R32","133","P038"
"B648","The Lost Symbol","2018","R32","134","P039"
"B649","Inferno","2021","R32","135","P040"
"B650","Origin","2023","R32","136","P041"
"B651","The Silent Patient","2020","R32","137","P042"
"B652","The Night Circus","2019","R32","138","P043"
"B653","The Goldfinch","2018","R32","139","P044"
"B654","Where the Crawdads Sing","2022","R32","140","P045"
"B655","Educated","2020","R32","141","P046"
"B656","The Testaments","2021","R32","142","P047"
"B657","Circe","2019","R32","143","P048"
"B658","The Water Dancer","2022","R32","144","P049"
"B659","The Institute","2023","R32","145","P050"
"B701","The Catcher in the Rye","2022","R32","146","P001"
"B702","1984","2021","R32","147","P002"
"B703","To Kill a Mockingbird","2019","R32","148","P003"
"B704","The Great Gatsby","2018","R32","149","P004"
"B705","One Hundred Years of Solitude","2022","R32","150","P005"
"B706","Brave New World","2020","R32","151","P006"
"B707","The Hobbit","2021","R32","152","P007"
"B708","Fahrenheit 451","2019","R32","153","P008"
"B709","The Lord of the Rings","2022","R32","154","P009"
"B710","Crime and Punishment","2023","R32","155","P010"
"B711","War and Peace","2020","R32","156","P011"
"B712","The Brothers Karamazov","2022","R32","157","P012"
"B713","Anna Karenina","2018","R32","158","P013"
"B714","Pride and Prejudice","2022","R32","159","P014"
"B715","Jane Eyre","2019","R32","160","P015"
"B716","Wuthering Heights","2021","R32","161","P016"
"B717","Great Expectations","2018","R32","162","P017"
"B718","Moby-Dick","2020","R32","163","P018"
"B719","The Odyssey","2022","R32","164","P019"
"B720","The Iliad","2023","R32","165","P020"
"B721","The Divine Comedy","2020","R32","166","P021"
"B722","Don Quixote","2021","R32","167","P022"
"B723","The Canterbury Tales","2019","R32","168","P023"
"B724","Gulliver\s Travels","2022","R32","169","P024"
"B725","Paradise Lost","2018","R32","170","P025"
"B726","Frankenstein","2022","R32","171","P026"
"B727","Dracula","2019","R32","172","P027"
"B728","The Picture of Dorian Gray","2021","R32","173","P028"
"B729","The Strange Case of Dr Jekyll and Mr Hyde","2022","R32","174","P029"
"B730","Alice\s Adventures in Wonderland","2023","R32","175","P030"
"B731","Through the Looking-Glass","2020","R32","176","P031"
"B732","The War of the Worlds","2022","R32","177","P032"
"B733","Twenty Thousand Leagues Under the Sea","2019","R32","178","P033"
"B734","Journey to the Center of the Earth","2021","R32","179","P034"
"B735","The Time Machine","2018","R32","180","P035"
"B736","The Call of Cthulhu","2020","R32","181","P036"
"B737","The Invisible Man","2021","R32","182","P037"
"B738","The Island of Doctor Moreau","2019","R32","183","P038"
"B739","The Hound of the Baskervilles","2022","R32","184","P039"
"B740","The Adventures of Sherlock Holmes","2018","R32","185","P040"
"B741","The Sign of the Four","2020","R32","186","P041"
"B742","The Silent Patient","2022","R32","187","P042"
"B743","The Night Circus","2019","R32","188","P043"
"B744","The Goldfinch","2018","R32","189","P044"
"B745","Where the Crawdads Sing","2022","R32","190","P045"
"B746","Educated","2020","R32","191","P046"
"B747","The Testaments","2021","R32","192","P047"
"B748","Circe","2019","R32","193","P048"
"B749","The Water Dancer","2022","R32","194","P049"
"B750","The Institute","2023","R32","195","P050"
"B751","Introduction to Machine Learning","2022","R21","001","P001"
"B752","Data Structures and Algorithms in Python","2021","R21","002","P002"
"B753","Database Management Systems","2019","R21","003","P003"
"B754","Software Engineering Principles","2018","R21","004","P004"
"B755","Computer Networks","2022","R21","005","P005"
"B756","Artificial Intelligence: A Modern Approach","2020","R21","006","P006"
"B757","Web Development with HTML, CSS, and JavaScript","2021","R21","007","P007"
"B758","Embedded Systems Design","2019","R21","008","P008"
"B759","Introduction to Robotics","2022","R21","009","P009"
"B760","Digital Signal Processing","2023","R21","010","P010"
"B761","Control Systems Engineering","2020","R21","011","P011"
"B762","Computer Organization and Architecture","2022","R21","012","P012"
"B763","Operating Systems Concepts","2018","R21","013","P013"
"B764","Network Security Essentials","2022","R21","014","P014"
"B765","Machine Learning for Dummies","2019","R21","015","P015"
"B766","Data Science for Beginners","2021","R21","016","P016"
"B767","Introduction to Cybersecurity","2018","R21","017","P017"
"B768","Big Data Analytics","2020","R21","018","P018"
"B769","Computer Graphics Principles and Practice","2022","R21","019","P019"
"B770","Introduction to Cloud Computing","2023","R21","020","P020"
"B771","Wireless Communications","2020","R21","021","P021"
"B772","Cryptography and Network Security","2021","R21","022","P022"
"B773","Introduction to Artificial Neural Networks","2019","R21","023","P023"
"B774","Computer Vision: Algorithms and Applications","2022","R21","024","P024"
"B775","Advanced Database Systems","2018","R21","025","P025"
"B776","Embedded Linux Systems","2022","R21","026","P026"
"B777","Software Development Best Practices","2019","R21","027","P027"
"B778","Internet of Things: A Hands-On Approach","2021","R21","028","P028"
"B779","Computer Organization and Design","2022","R21","029","P029"
"B780","Principles of Compiler Design","2018","R21","030","P030"
"B781","Information Retrieval","2023","R21","031","P031"
"B782","Digital Image Processing","2020","R21","032","P032"
"B783","Introduction to Quantum Computing","2022","R21","033","P033"
"B784","Computer and Network Forensics","2019","R21","034","P034"
"B785","Introduction to Compiler Construction","2021","R21","035","P035"
"B786","Cyber-Physical Systems","2018","R21","036","P036"
"B787","Human-Computer Interaction","2020","R21","037","P037"
"B788","Computer System Security","2022","R21","038","P038"
"B789","Mobile Application Development","2019","R21","039","P039"
"B790","Software Testing and Quality Assurance","2022","R21","040","P040"
"B791","Introduction to Parallel Computing","2018","R21","041","P041"
"B792","Computer Ethics and Professionalism","2020","R21","042","P042"
"B793","Network Programming with Python","2022","R21","043","P043"
"B794","Data Mining: Concepts and Techniques","2019","R21","044","P044"
"B795","Computer and Information Security Handbook","2021","R21","045","P045"
"B796","Introduction to Wireless Sensor Networks","2018","R21","046","P046"
"B797","Artificial Intelligence: Foundations of Computational Agents","2022","R21","047","P047"
"B798","Software Project Management","2019","R21","048","P048"
"B799","Introduction to Digital Electronics","2020","R21","049","P049"
"B800","Computer Networks: A Systems Approach","2023","R21","050","P050"
"B801","Introduction to Computer Science","2022","R21","051","P001"
"B802","Computer Networks and Internets","2021","R21","052","P002"
"B803","Data Science: An Introduction","2019","R21","053","P003"
"B804","Software Engineering: A Practitioners Approach","2018","R21","054","P004"
"B805","Computer Organization and Design: The Hardware/Software Interface","2022","R21","055","P005"
"B806","Database System Concepts","2020","R21","056","P006"
"B807","Artificial Intelligence: A Guide for Thinking Humans","2021","R21","057","P007"
"B808","Web Development and Design Foundations with HTML5","2019","R21","058","P008"
"B809","Embedded Systems: Design and Applications","2022","R21","059","P009"
"B810","Digital Signal Processing: Principles, Algorithms, and Applications","2023","R21","060","P010"
"B811","Control Systems Engineering: An Introduction","2020","R21","061","P011"
"B812","Computer Organization and Architecture: Designing for Performance","2022","R21","062","P012"
"B813","Operating System Concepts","2018","R21","063","P013"
"B814","Network Security: Private Communication in a Public World","2022","R21","064","P014"
"B815","Machine Learning: A Probabilistic Perspective","2019","R21","065","P015"
"B816","Data Science for Business","2021","R21","066","P016"
"B817","Introduction to Cryptography: Principles and Applications","2018","R21","067","P017"
"B818","Big Data: A Revolution That Will Transform How We Live, Work, and Think","2020","R21","068","P018"
"B819","Computer Graphics: Principles and Practice","2022","R21","069","P019"
"B820","Introduction to Cloud Computing: Basics to Advanced Concepts","2023","R21","070","P020"
"B821","Wireless Communications: Principles and Practice","2020","R21","071","P021"
"B822","Cryptography and Network Security: Principles and Practice","2021","R21","072","P022"
"B823","Introduction to Artificial Neural Networks and Deep Learning","2019","R21","073","P023"
"B824","Computer Vision: Algorithms and Applications","2022","R21","074","P024"
"B825","Advanced Database Systems: Concepts, Design and Applications","2018","R21","075","P025"
"B826","Embedded Linux Systems: Concepts, Techniques, and Programming","2022","R21","076","P026"
"B827","Software Development Best Practices: Lessons from Successful Projects","2019","R21","077","P027"
"B828","Internet of Things: A Hands-On Approach","2021","R21","078","P028"
"B829","Computer Organization and Design: The Hardware/Software Interface","2022","R21","079","P029"
"B830","Principles of Compiler Design","2018","R21","080","P030"
"B831","Information Retrieval: Algorithms and Heuristics","2023","R21","081","P031"
"B832","Digital Image Processing: Concepts, Techniques, and Applications","2020","R21","082","P032"
"B833","Introduction to Quantum Computing: A Computational Perspective","2022","R21","083","P033"
"B834","Computer and Network Forensics: A Practical Guide","2019","R21","084","P034"
"B835","Introduction to Compiler Construction: A Comprehensive Approach","2021","R21","085","P035"
"B836","Cyber-Physical Systems: Principles, Design, and Applications","2018","R21","086","P036"
"B837","Human-Computer Interaction: Concepts and Design","2020","R21","087","P037"
"B838","Computer System Security: Principles and Practice","2022","R21","088","P038"
"B839","Mobile Application Development: Building Applications for the iPhone and Android","2019","R21","089","P039"
"B840","Software Testing and Quality Assurance: Theory and Practice","2022","R21","090","P040"
"B841","Introduction to Parallel Computing: Architecture, Programming, and Algorithms","2018","R21","091","P041"
"B842","Computer Ethics and Professionalism: An Introduction","2020","R21","092","P042"
"B843","Network Programming with Python: A Practical Guide","2022","R21","093","P043"
"B844","Data Mining: Concepts, Models, Methods, and Algorithms","2019","R21","094","P044"
"B845","Computer and Information Security Handbook: Principles and Practice","2021","R21","095","P045"
"B846","Introduction to Wireless Sensor Networks: Principles and Practice","2018","R21","096","P046"
"B847","Artificial Intelligence: Foundations of Computational Agents","2022","R21","097","P047"
"B848","Software Project Management: A Process-Driven Approach","2019","R21","098","P048"
"B849","Introduction to Digital Electronics: A Hands-On Approach","2020","R21","099","P049"
"B850","Computer Networks: A Systems Approach","2023","R21","100","P050"
"B851","Advanced Topics in Computer Vision","2022","R21","101","P001"
"B852","Introduction to Robotics: Mechanics and Control","2021","R21","102","P002"
"B853","Computer Architecture: A Quantitative Approach","2019","R21","103","P003"
"B854","Database Management Systems","2018","R21","104","P004"
"B855","Computer Graphics: Principles and Practice","2022","R21","105","P005"
"B856","Artificial Intelligence: A Modern Approach","2020","R21","106","P006"
"B857","Network Security Essentials","2021","R21","107","P007"
"B858","Big Data Analytics: From Strategic Planning to Enterprise Integration with Tools, Techniques, NoSQL, and Graph","2019","R21","108","P008"
"B859","Introduction to Machine Learning with Python: A Guide for Data Scientists","2022","R21","109","P009"
"B860","Computer Networking: Principles, Protocols and Practice","2023","R21","110","P010"
"B861","Software Engineering: Theory and Practice","2020","R21","111","P011"
"B862","Operating Systems: Three Easy Pieces","2022","R21","112","P012"
"B863","Cybersecurity: A Practical Guide to the Law of Cyber Risk","2018","R21","113","P013"
"B864","Introduction to Data Science","2022","R21","114","P014"
"B865","Computer Networks: A Top-Down Approach","2019","R21","115","P015"
"B866","Machine Learning Yearning: Technical Strategy for AI Engineers","2021","R21","116","P016"
"B867","Information Theory, Inference, and Learning Algorithms","2018","R21","117","P017"
"B868","Data Structures and Algorithms in Python","2020","R21","118","P018"
"B869","Computer Organization and Design MIPS Edition: The Hardware/Software Interface","2022","R21","119","P019"
"B870","Networked Life: 20 Questions and Answers","2023","R21","120","P020"
"B871","Introduction to Artificial Intelligence: A New Synthesis","2020","R21","121","P021"
"B872","Software Engineering: A Methodical Approach","2022","R21","122","P022"
"B873","Database System Concepts","2019","R21","123","P023"
"B874","Artificial Intelligence: A Guide to Intelligent Systems","2021","R21","124","P024"
"B875","Web Development and Design Foundations with HTML5","2018","R21","125","P025"
"B876","Embedded Systems: Design and Applications","2022","R21","126","P026"
"B877","Digital Signal Processing: Principles, Algorithms, and Applications","2019","R21","127","P027"
"B878","Control Systems Engineering: An Introduction","2021","R21","128","P028"
"B879","Computer Organization and Architecture: Designing for Performance","2022","R21","129","P029"
"B880","Operating System Concepts","2018","R21","130","P030"
"B881","Network Security: Private Communication in a Public World","2023","R21","131","P031"
"B882","Machine Learning: A Probabilistic Perspective","2020","R21","132","P032"
"B883","Data Science for Business","2022","R21","133","P033"
"B884","Introduction to Cryptography: Principles and Applications","2019","R21","134","P034"
"B885","Big Data: A Revolution That Will Transform How We Live, Work, and Think","2021","R21","135","P035"
"B886","Computer Graphics: Principles and Practice","2018","R21","136","P036"
"B887","Introduction to Cloud Computing: Basics to Advanced Concepts","2022","R21","137","P037"
"B888","Wireless Communications: Principles and Practice","2019","R21","138","P038"
"B889","Algorithm Design Manual","2021","R21","139","P039"
"B890","Introduction to Autonomous Robots: Mechanisms, Sensors, Actuators, and Algorithms","2020","R21","140","P040"
"B891","Computer Networks: Principles, Technologies and Protocols for Network Design","2023","R21","141","P041"
"B892","Introduction to Probability and Statistics for Engineers and Scientists","2018","R21","142","P042"
"B893","Machine Learning: A Guide to Current Research","2022","R21","143","P043"
"B894","Artificial Intelligence: A Systems Approach","2019","R21","144","P044"
"B895","Data Structures and Algorithms: Annotated Reference with Examples","2021","R21","145","P045"
"B896","Introduction to Wireless Sensor Networks: Principles and Practice","2018","R21","146","P046"
"B897","Artificial Intelligence: Foundations of Computational Agents","2022","R21","147","P047"
"B898","Software Project Management: A Process-Driven Approach","2019","R21","148","P048"
"B899","Introduction to Digital Electronics: A Hands-On Approach","2020","R21","149","P049"
"B900","Computer Networks: A Systems Approach","2023","R21","150","P050"
"B951","Oseanografi Dasar","2023","R33","151","P001"
"B952","Biologi Laut: Sebuah Pengantar","2019","R33","152","P002"
"B953","Kimia Lingkungan Perairan","2020","R33","153","P003"
"B954","Pesisir dan Laut Dalam: Keanekaragaman Biologi dan Ekologi","2022","R33","154","P004"
"B955","Ekologi Mangrove","2018","R33","155","P005"
"B956","Penelitian Kelautan: Metode dan Aplikasi","2021","R33","156","P006"
"B957","Fisika Kelautan","2020","R33","157","P007"
"B958","Sumber Daya Alam dan Lingkungan Pesisir","2019","R33","158","P008"
"B959","Manajemen Sumberdaya Perikanan","2022","R33","159","P009"
"B960","Kebijakan Kelautan dan Perikanan","2021","R33","160","P010"
"B961","Pengelolaan Wilayah Pesisir","2018","R33","161","P011"
"B962","Pencemaran Laut dan Strategi Pengelolaannya","2020","R33","162","P012"
"B963","Biogeografi Pulau-Pulau Kecil Indonesia","2022","R33","163","P013"
"B964","Pemanfaatan Potensi Kelautan dan Perikanan","2019","R33","164","P014"
"B965","Teknologi Penangkapan Ikan","2023","R33","165","P015"
"B966","Rekayasa Sumberdaya Pesisir dan Lautan","2018","R33","166","P016"
"B967","Ilmu Pengetahuan Kelautan: Sebuah Pengantar","2021","R33","167","P017"
"B968","Konservasi Biota Laut","2019","R33","168","P018"
"B969","Dinamika Populasi Ikan","2020","R33","169","P019"
"B970","Pola dan Proses Oseanografi","2018","R33","170","P020"
"B971","Hidrodinamika Kelautan","2021","R33","171","P021"
"B972","Ekosistem Terumbu Karang","2022","R33","172","P022"
"B973","Analisis Data Kelautan","2019","R33","173","P023"
"B974","Pengelolaan Lingkungan Perairan","2020","R33","174","P024"
"B975","Klimatologi Kelautan","2023","R33","175","P025"
"B976","Ekologi Terapan untuk Pengelolaan Sumberdaya Alam dan Lingkungan","2018","R33","176","P026"
"B977","Oseanografi Biologis","2021","R33","177","P027"
"B978","Manajemen Pesisir dan Lautan Tropis","2022","R33","178","P028"
"B979","Ekonomi Sumberdaya Kelautan","2019","R33","179","P029"
"B980","Bioteknologi Kelautan","2020","R33","180","P030"
"B981","Perubahan Iklim dan Kelautan","2021","R33","181","P031"
"B982","Pemodelan Kelautan","2022","R33","182","P032"
"B983","Manajemen Perikanan Laut Berkelanjutan","2018","R33","183","P033"
"B984","Sistem Informasi Geografis Kelautan","2019","R33","184","P034"
"B985","Evolusi Biota Laut","2020","R33","185","P035"
"B986","Pembangunan Sumberdaya Manusia Kelautan","2023","R33","186","P036"
"B987","Pengelolaan Kualitas Air Laut","2018","R33","187","P037"
"B988","Teknologi Pengolahan Produk Perikanan","2021","R33","188","P038"
"B989","Pengembangan Ekowisata Laut","2019","R33","189","P039"
"B990","Manajemen Pembangunan Pesisir dan Pulau-Pulau Kecil","2020","R33","190","P040"
"B991","Pengelolaan Ekosistem Pesisir","2022","R33","191","P041"
"B992","Oseanografi Kimia","2018","R33","192","P042"
"B993","Biologi Ikan Laut","2023","R33","193","P043"
"B994","Energi Terbarukan dari Laut","2019","R33","194","P044"
"B995","Pemanfaatan Sumberdaya Alam Laut untuk Kesejahteraan Masyarakat","2020","R33","195","P045"
"B996","Manajemen Risiko Bencana Kelautan","2021","R33","196","P046"
"B997","Pengelolaan Kawasan Konservasi Laut","2018","R33","197","P047"
"B998","Pertumbuhan Ekonomi dan Pemanfaatan Sumberdaya Kelautan","2022","R33","198","P048"
"B999","Pengelolaan Sumberdaya Laut secara Terpadu","2019","R33","199","P049"
"B901","Keanekaragaman Biota Laut","2023","R33","201","P001"
"B902","Pengelolaan Sumberdaya Ikan","2019","R33","202","P002"
"B903","Konservasi dan Keanekaragaman Karang","2020","R33","203","P003"
"B904","Pertumbuhan Ekonomi Wilayah Pesisir","2022","R33","204","P004"
"B905","Hidrografi Laut","2018","R33","205","P005"
"B906","Dampak Perubahan Iklim Terhadap Laut","2021","R33","206","P006"
"B907","Pemuliaan dan Budidaya Ikan Laut","2020","R33","207","P007"
"B908","Teknik Pengamatan Laut","2019","R33","208","P008"
"B909","Ekonomi Pesisir dan Kelautan","2022","R33","209","P009"
"B910","Analisis Kualitas Air Laut","2021","R33","210","P010"
"B911","Sistem Informasi Kelautan","2018","R33","211","P011"
"B912","Teknik Pemeliharaan Lingkungan Laut","2020","R33","212","P012"
"B913","Kajian Perikanan Tangkap","2022","R33","213","P013"
"B914","Pengaruh Pasang Surut Terhadap Ekosistem Laut","2019","R33","214","P014"
"B915","Kebijakan Kelautan Berkelanjutan","2023","R33","215","P015"
"B916","Geologi Laut","2018","R33","216","P016"
"B917","Pemodelan Dinamika Oseanografi","2021","R33","217","P017"
"B918","Budidaya Rumput Laut","2020","R33","218","P018"
"B919","Kesehatan Lingkungan Laut","2022","R33","219","P019"
"B920","Ekologi Mamalia Laut","2019","R33","220","P020"
"B921","Pengelolaan Daerah Aliran Sungai dan Dampaknya Terhadap Ekosistem Laut","2021","R33","221","P021"
"B922","Kajian Pembangunan Pulau-Pulau Kecil","2018","R33","222","P022"
"B923","Pemanfaatan Tenaga Laut","2023","R33","223","P023"
"B924","Aspek Sosial Ekonomi Pesisir dan Kelautan","2020","R33","224","P024"
"B925","Pengolahan Hasil Perikanan","2019","R33","225","P025"
"B926","Sumberdaya Genetik Ikan Laut","2022","R33","226","P026"
"B927","Perubahan Garis Pantai dan Dampaknya Terhadap Lingkungan Laut","2021","R33","227","P027"
"B928","Manajemen Pesisir Berbasis Masyarakat","2018","R33","228","P028"
"B929","Teknologi Pengawasan dan Pengendalian Pencemaran Laut","2020","R33","229","P029"
"B930","Pengembangan Teknologi Akuakultur","2021","R33","230","P030"
"B931","Edukasi Kelautan untuk Masyarakat","2019","R33","231","P031"
"B932","Dampak Limbah Industri Terhadap Lingkungan Laut","2022","R33","232","P032"
"B933","Pemodelan Arus Laut","2018","R33","233","P033"
"B934","Kebijakan Pengelolaan Terumbu Karang","2023","R33","234","P034"
"B935","Peran Komunitas Lokal dalam Pengelolaan Sumberdaya Kelautan","2020","R33","235","P035"
"B936","Ilmu Pengetahuan Pesisir dan Kelautan","2019","R33","236","P036"
"B937","Sistem Monitoring Lingkungan Laut","2021","R33","237","P037"
"B938","Pengelolaan Keberlanjutan Sumberdaya Kelautan","2018","R33","238","P038"
"B939","Teknologi Reklamasi Pantai","2022","R33","239","P039"
"B940","Pemantauan Bencana Alam Laut","2019","R33","240","P040"
"B941","Kajian Pemanfaatan Laut untuk Kesejahteraan Rakyat","2021","R33","241","P041"
"B942","Bioteknologi Mikroba Laut","2020","R33","242","P042"
"B943","Pengelolaan Pesisir dan Laut yang Berkelanjutan","2023","R33","243","P043"
"B944","Manajemen Bencana di Daerah Pesisir","2018","R33","244","P044"
"B945","Sosial Ekonomi Masyarakat Pesisir dan Kelautan","2019","R33","245","P045"
"B946","Inovasi Teknologi Pengolahan Hasil Perikanan","2022","R33","246","P046"
"B947","Pengelolaan Wilayah Pesisir yang Terpadu","2021","R33","247","P047"
"B948","Pemantauan Kualitas Air dan Sedimen Laut","2018","R33","248","P048"
"B949","Strategi Pengembangan Wilayah Pesisir","2020","R33","249","P049"
"B950","Pemodelan Ekosistem Laut","2019","R33","250","P050"
"B1043","Manajemen Agroindustri","1980","R34","293","P043"
"B661","Teknologi Pertanian Modern","2022","R34","251","P001"
"B662","Manajemen Usahatani","2021","R34","252","P002"
"B663","Inovasi Pupuk Organik","2020","R34","253","P003"
"B664","Pengendalian Hama Tanaman","2019","R34","254","P004"
"B665","Pertanian Berkelanjutan","2018","R34","255","P005"
"B666","Pemuliaan Tanaman Pangan","2017","R34","256","P006"
"B667","Agribisnis Tanaman Hortikultura","2016","R34","257","P007"
"B668","Sistem Irigasi Modern","2015","R34","258","P008"
"B669","Konservasi Tanah dan Air","2014","R34","259","P009"
"B670","Teknik Pengendalian Gulma","2013","R34","260","P010"
"B672","Edukasi Petani","2011","R34","262","P012"
"B673","Pemanfaatan Limbah Organik","2010","R34","263","P013"
"B674","Perpustakaan Pertanian","2009","R34","264","P014"
"B675","Pengembangan Agrowisata","2008","R34","265","P015"
"B677","Pendidikan Petani","2006","R34","267","P017"
"B678","Aplikasi Drone di Pertanian","2005","R34","268","P018"
"B679","Pengolahan Produk Pertanian","2004","R34","269","P019"
"B681","Keamanan Pangan","2003","R34","270","P020"
"B682","Teknik Pengemasan Produk Pertanian","2002","R34","271","P021"
"B683","Pengembangan Agribisnis","2001","R34","272","P022"
"B684","Penggunaan Teknologi Informasi di Pertanian","2000","R34","273","P023"
"B685","Manajemen Limbah Pertanian","1999","R34","274","P024"
"B686","Sistem Pemantauan Pertanian Berbasis IoT","1998","R34","275","P025"
"B687","Pelatihan Petani","1997","R34","276","P026"
"B688","Pengembangan Varietas Unggul","1996","R34","277","P027"
"B689","Teknik Pengolahan Hasil Perikanan","1995","R34","278","P028"
"B690","Penerapan Pola Tanam Terpadu","1994","R34","279","P029"
"B692","Pengelolaan Sumber Daya Alam Pertanian","1993","R34","280","P030"
"B693","Konservasi Plasma Nutfah Tanaman Pangan","1992","R34","281","P031"
"B694","Pemuliaan Ternak","1991","R34","282","P032"
"B695","Pengembangan Benih Hortikultura","1990","R34","283","P033"
"B696","Pertanian Organik","1989","R34","284","P034"
"B697","Pengendalian Penyakit Tanaman","1988","R34","285","P035"
"B698","Agroforestri","1987","R34","286","P036"
"B699","Pengembangan Sentra Produksi Pertanian","1986","R34","287","P037"
"B700","Teknik Pengolahan Limbah Pertanian","1985","R34","288","P038"
"B006","Penggunaan Pupuk Hayati","1983","R34","290","P040"
"B102","Teknik Pemupukan Tanaman","1982","R34","291","P041"
"B103","Pengembangan Agribisnis Perikanan","1981","R34","292","P042"
"B1044","Pemanfaatan Energi Terbarukan di Pertanian","1979","R34","294","P044"
"B1045","Pengembangan Ekowisata Pertanian","1978","R34","295","P045"
"B1046","Teknik Budidaya Tanaman Pangan","1977","R34","296","P046"
"B1047","Pengolahan Hasil Perikanan","1976","R34","297","P047"
"B1048","Pemberdayaan Petani","1975","R34","298","P048"
"B1049","Pengembangan Agrowisata Perikanan","1974","R34","299","P049"
"B1050","Pemanfaatan Teknologi Tepat Guna di Pertanian","1973","R34","300","P050"
"B1051","Manajemen Ternak Sapi","2022","R34","300","P001"
"B1052","Pemuliaan Ayam Ras","2021","R34","301","P002"
"B1053","Teknik Beternak Kambing","2020","R34","302","P003"
"B1054","Penggemukan Domba Modern","2019","R34","303","P004"
"B1055","Kesehatan Ternak Itik","2018","R34","304","P005"
"B1056","Pengelolaan Kandang Ayam Petelur","2017","R34","305","P006"
"B1057","Teknik Beternak Lele","2016","R34","306","P007"
"B1058","Pemuliaan Ternak Kelinci","2015","R34","307","P008"
"B1059","Manajemen Ternak Kuda","2014","R34","308","P009"
"B1060","Teknik Beternak Ikan Air Tawar","2013","R34","309","P010"
"B1061","Kesehatan Ternak Babi","2012","R34","310","P011"
"B1062","Penggemukan Ternak Sapi Potong","2011","R34","311","P012"
"B1063","Teknik Beternak Bebek","2010","R34","312","P013"
"B1064","Manajemen Ternak Unggas Petelur","2009","R34","313","P014"
"B1065","Pemuliaan Ternak Kambing","2008","R34","314","P015"
"B1066","Teknik Beternak Ayam Kampung","2007","R34","315","P016"
"B1067","Kesehatan Ternak Kambing","2006","R34","316","P017"
"B1068","Pengelolaan Kandang Ternak Itik","2005","R34","317","P018"
"B1069","Teknik Beternak Lebah Madu","2004","R34","318","P019"
"B1070","Pemuliaan Ternak Kelinci","2003","R34","319","P020"
"B1071","Manajemen Ternak Kuda","2002","R34","320","P021"
"B1072","Teknik Beternak Ikan Lele","2001","R34","321","P022"
"B1073","Kesehatan Ternak Babi","2000","R34","322","P023"
"B1074","Penggemukan Ternak Sapi Potong","1999","R34","323","P024"
"B1075","Teknik Beternak Bebek","1998","R34","324","P025"
"B1076","Manajemen Ternak Unggas Petelur","1997","R34","325","P026"
"B1077","Pemuliaan Ternak Kambing","1996","R34","326","P027"
"B1078","Teknik Beternak Ayam Kampung","1995","R34","327","P028"
"B1079","Kesehatan Ternak Kambing","1994","R34","328","P029"
"B1080","Pengelolaan Kandang Ternak Itik","1993","R34","329","P030"
"B1081","Teknik Beternak Lebah Madu","1992","R34","330","P031"
"B1082","Pemuliaan Ternak Kelinci","1991","R34","331","P032"
"B1083","Manajemen Ternak Kuda","1990","R34","332","P033"
"B1084","Teknik Beternak Ikan Lele","1989","R34","333","P034"
"B1085","Kesehatan Ternak Babi","1988","R34","334","P035"
"B1086","Penggemukan Ternak Sapi Potong","1987","R34","335","P036"
"B1087","Teknik Beternak Bebek","1986","R34","336","P037"
"B1088","Manajemen Ternak Unggas Petelur","1985","R34","337","P038"
"B1089","Pemuliaan Ternak Kambing","1984","R34","338","P039"
"B1090","Teknik Beternak Ayam Kampung","1983","R34","339","P040"
"B1091","Kesehatan Ternak Kambing","1982","R34","340","P041"
"B1092","Pengelolaan Kandang Ternak Itik","1981","R34","341","P042"
"B1093","Teknik Beternak Lebah Madu","1980","R34","342","P043"
"B1094","Pemuliaan Ternak Kelinci","1979","R34","343","P044"
"B1095","Manajemen Ternak Kuda","1978","R34","344","P045"
"B1096","Teknik Beternak Ikan Lele","1977","R34","345","P046"
"B1097","Kesehatan Ternak Babi","1976","R34","346","P047"
"B1098","Penggemukan Ternak Sapi Potong","1975","R34","347","P048"
"B1099","Teknik Beternak Bebek","1974","R34","348","P049"
"B1100","Manajemen Ternak Unggas Petelur","1973","R34","349","P050"
"B1101","Dasar-Dasar Tata Boga","1982","R35","350","P001"
"B1102","Teknik Dasar Memasak","1981","R35","351","P002"
"B1103","Seni Menghias Kue","1980","R35","352","P003"
"B1104","Tata Busana Modern","1979","R35","353","P004"
"B1105","Manajemen Dapur Restoran","1978","R35","354","P005"
"B1106","Kreasi Busana Muslim","1977","R35","355","P006"
"B1107","Dasar-Dasar Patiseri","1976","R35","356","P007"
"B1108","Desain Kostum Teater","1975","R35","357","P008"
"B1109","Keterampilan Tata Rias","1974","R35","358","P009"
"B1110","Teknik Menjahit","1973","R35","359","P010"
"B1111","Pengelolaan Usaha Catering","1972","R35","360","P011"
"B1112","Seni Menghias Dapur","1971","R35","361","P012"
"B1113","Fashion Styling","1970","R35","362","P013"
"B1114","Teknologi Bahan Pangan","1969","R35","363","P014"
"B1115","Kriya Tekstil","1968","R35","364","P015"
"B1116","Seni Tari Tradisional","1967","R35","365","P016"
"B1117","Pola Busana","1966","R35","366","P017"
"B1118","Kosmetologi","1965","R35","367","P018"
"B1119","Desain Interior Rumah","1964","R35","368","P019"
"B1120","Seni Rupa Terapan","1963","R35","369","P020"
"B1121","Tata Rias Pengantin","1962","R35","370","P021"
"B1122","Pengenalan Industri Fashion","1961","R35","371","P022"
"B1123","Pola Busana Anak","1960","R35","372","P023"
"B1124","Teknik Pemotretan Fashion","1959","R35","373","P024"
"B1125","Seni Lukis Batik","1958","R35","374","P025"
"B1126","Manajemen Bisnis Fashion","1957","R35","375","P026"
"B1127","Kerajinan Tangan","1956","R35","376","P027"
"B1128","Tata Rias Pengantin Adat","1955","R35","377","P028"
"B1129","Teknik Menjahit Pria","1954","R35","378","P029"
"B1130","Pengenalan Desain Grafis","1953","R35","379","P030"
"B1131","Seni Teater Kontemporer","1952","R35","380","P031"
"B1132","Pola Busana Muslim","1951","R35","381","P032"
"B1133","Kosmetologi Wajah","1950","R35","382","P033"
"B1134","Manajemen Restoran","1949","R35","383","P034"
"B1135","Kreasi Busana Anak","1948","R35","384","P035"
"B1136","Seni Ukir Kayu","1947","R35","385","P036"
"B1137","Dasar-Dasar Pemodelan Busana","1946","R35","386","P037"
"B1138","Tata Rias Teater","1945","R35","387","P038"
"B1139","Fashion Marketing","1944","R35","388","P039"
"B1140","Teknologi Bahan Busana","1943","R35","389","P040"
"B1141","Kosmetologi Rambut","1942","R35","390","P041"
"B1142","Desain Kostum Film","1941","R35","391","P042"
"B1143","Seni Tari Modern","1940","R35","392","P043"
"B1144","Dasar-Dasar Pengolahan Makanan","1939","R35","393","P044"
"B1145","Pengenalan Kerajinan Kulit","1938","R35","394","P045"
"B1146","Teknik Pemotretan Produk","1937","R35","395","P046"
"B1147","Pola Busana Wanita","1936","R35","396","P047"
"B1148","Seni Batik","1935","R35","397","P048"
"B1002","Kosmetologi Tubuh","1934","R35","398","P049"
"B011","Olahraga dan Kesehatan","2020","R25","331","P001"
"B095","Manajemen Klub Olahraga","2021","R25","146","P002"
"B1150","Pengenalan Seni Rupa","1933","R35","302","P050"
"B149","Akuntansi Keuangan","2020","R22","001","P004"
"B282","Teknik Komputer: Arsitektur dan Organisasi Komputer","2022","R21","001","P033"
"B285","Teknik Rekayasa Perangkat Lunak: Pengembangan Aplikasi","2019","R21","004","P033"
"B332","Pendidikan Jasmani","2023","R26","500","P019"
"B352","Teknik Geologi: Penelitian Sumber Daya Alam","2022","R21","360","P049"
"B357","Teknik Elektro: Sistem Tenaga Listrik","2019","R21","410","P019"
"B365","Fisika Modern: Konsep dan Aplikasi","2022","R23","490","P047"
"B375","Dasar-dasar Kimia Organik","2018","R23","255","P036"
"B425","Sejarah Kemerdekaan Indonesia","2021","R29","033","P037"
"B506","Sikhisme: Kepercayaan dan Tradisi","2018","R30","172","P015"
"B514","Hindu-Buddha dalam Kehidupan Masyarakat","2022","R30","180","P015"
"B660","Pencemaran Plastik di Laut","2020","R33","075","P050"
"B671","Pengelolaan Kualitas Tanah","2012","R34","261","P011"
"B676","Teknik Penyimpanan Hasil Pertanian","2007","R34","266","P002"
"B1000","Pengelolaan Lingkungan Pertanian","1984","R34","289","P039"
